Commodity,n_obs,start,end,span_days,coverage_pct
Musk Melon,10,2014-12-09,2020-11-21,2175,0.004597701149425287
Sweet Lime,14,2013-06-30,2020-11-16,2697,0.005190952910641453
Mandarin,68,2013-11-04,2020-11-14,2568,0.0264797507788162
Maize,24,2013-06-30,2015-01-25,575,0.04173913043478261
Water Melon(Dotted),42,2019-06-04,2021-04-29,696,0.0603448275862069
Mango(Dushari),58,2019-06-04,2021-05-13,710,0.08169014084507042
Strawberry,234,2014-01-07,2021-05-13,2684,0.08718330849478391
Litchi(Local),215,2014-05-26,2020-07-16,2244,0.09581105169340463
Litchi(Indian),41,2019-06-04,2020-06-27,390,0.10512820512820513
Bauhania flower,286,2014-02-28,2021-04-27,2616,0.10932721712538226
Kinnow,325,2014-01-07,2021-04-09,2650,0.12264150943396226
Drumstick,366,2013-06-16,2021-05-13,2889,0.12668743509865005
Turnip,420,2013-06-16,2021-04-27,2873,0.1461886529759833
Guava,435,2013-07-25,2021-05-13,2850,0.15263157894736842
Sugarcane,462,2013-06-16,2021-03-23,2838,0.16279069767441862
Lemon,594,2013-09-09,2021-04-04,2765,0.21482820976491862
French Bean(Rajma),158,2019-06-04,2021-05-13,710,0.22253521126760564
Sweet Potato,661,2013-11-01,2021-05-13,2751,0.24027626317702652
Sponge Gourd,788,2013-06-16,2021-05-13,2889,0.2727587400484597
Onion Dry (Chinese),108,2019-12-09,2021-01-04,393,0.2748091603053435
Raddish Red,829,2013-06-16,2021-04-20,2866,0.2892533147243545
Mango(Maldah),886,2013-06-16,2021-05-13,2889,0.3066805122879889
Cauli Terai,847,2013-12-18,2021-04-20,2681,0.31592689295039167
Pointed Gourd(Terai),168,2019-12-27,2021-05-13,504,0.3333333333333333
Asparagus,1055,2013-06-16,2021-05-13,2889,0.36517826237452405
Soyabean Green,1061,2013-06-16,2021-05-13,2889,0.36725510557286256
Snake Gourd,1135,2013-06-16,2021-05-13,2889,0.3928695050190377
Yam,1105,2013-10-27,2021-04-20,2733,0.40431759970728137
Bakula,1131,2013-09-29,2021-04-27,2768,0.40859826589595377
Grapes(Green),1199,2013-06-16,2021-05-13,2889,0.41502249913464867
Cabbage,288,2019-06-05,2021-04-26,692,0.4161849710982659
Neuro,1310,2013-06-16,2021-05-13,2889,0.4534440983039114
Grapes(Black),213,2020-01-31,2021-05-11,467,0.45610278372591007
Cowpea(Short),324,2019-06-04,2021-05-13,710,0.4563380281690141
Clive Green,1364,2013-06-16,2021-04-28,2874,0.4745998608211552
Cabbage(Terai),248,2019-12-09,2021-05-10,519,0.47784200385356457
Sword Bean,1342,2013-09-23,2021-04-27,2774,0.4837779379956741
Orange(Indian),273,2019-10-28,2021-05-09,560,0.4875
Barela,1390,2013-08-12,2021-05-13,2832,0.490819209039548
Potato Red(Mude),253,2019-06-23,2020-10-15,481,0.525987525987526
Knolkhol,1424,2013-12-16,2021-05-13,2706,0.5262379896526238
Red Cabbbage,1535,2013-06-16,2021-05-13,2889,0.5313257182416061
Jack Fruit,1551,2013-06-16,2021-05-13,2889,0.5368639667705088
Tomato Small(Terai),286,2019-12-06,2021-05-13,525,0.5447619047619048
Apple(Fuji),395,2019-05-31,2021-05-13,714,0.5532212885154062
Tomato Small(Indian),357,2019-08-08,2021-05-13,645,0.5534883720930233
Orange(Nepali),1518,2013-09-24,2021-03-23,2738,0.5544192841490139
Clive Dry,1599,2013-06-16,2021-04-28,2874,0.5563674321503131
Green Peas,1685,2013-06-16,2021-05-13,2889,0.5832467982000692
Carrot(Terai),310,2019-11-19,2021-05-02,531,0.583804143126177
Smooth Gourd,1711,2013-06-16,2021-05-13,2889,0.5922464520595362
Chilli Green(Machhe),423,2019-05-31,2021-05-13,714,0.592436974789916
Mombin,1701,2013-08-01,2021-04-06,2806,0.6062009978617249
Cauli Local(Jyapu),331,2019-12-11,2021-05-13,520,0.6365384615384615
Brocauli,1870,2013-06-16,2021-05-13,2889,0.647282796815507
Pear(Local),1572,2014-03-31,2020-10-19,2395,0.6563674321503131
Chilli Green(Akbare),471,2019-05-31,2021-05-13,714,0.6596638655462185
Pear(Chinese),429,2019-08-06,2021-05-13,647,0.6630602782071098
Mango(Chousa),2,2021-05-08,2021-05-10,3,0.6666666666666666
Tomato Big(Indian),474,2019-06-25,2021-05-13,689,0.6879535558780842
Brinjal Round,1996,2013-06-16,2021-05-13,2889,0.6908965039806161
Arum,2020,2013-06-25,2021-05-13,2880,0.7013888888888888
Papaya(Nepali),2182,2013-06-16,2021-05-13,2889,0.7552786431291104
Chilli Green(Bullet),541,2019-05-31,2021-05-13,714,0.757703081232493
Fish Fresh,2047,2013-06-16,2020-10-20,2684,0.7626676602086438
Christophine,2225,2013-06-16,2021-04-27,2873,0.7744517925513401
Cow pea(Long),2251,2013-06-16,2021-05-13,2889,0.7791623399100035
Potato Red(Indian),557,2019-05-31,2021-05-12,713,0.7812061711079944
Pointed Gourd(Local),2260,2013-06-16,2021-05-13,2889,0.7822776047075113
Fenugreek Leaf,2296,2013-06-16,2021-05-13,2889,0.7947386638975424
Squash(Long),2374,2013-06-16,2021-05-09,2885,0.8228769497400347
Fennel Leaf,2377,2013-06-16,2021-05-12,2888,0.8230609418282548
Potato White,2381,2013-06-16,2021-05-07,2883,0.8258758237946583
Gundruk,2420,2013-06-16,2021-05-02,2878,0.8408617095205003
Parseley,2423,2013-06-16,2021-05-02,2878,0.8419041000694927
Celery,2462,2013-06-16,2021-05-02,2878,0.8554551772063933
Tomato Big(Nepali),2507,2013-06-16,2021-05-13,2889,0.8677743163724472
Mustard Leaf,2516,2013-06-16,2021-05-13,2889,0.870889581169955
Turnip A,2538,2013-06-16,2021-05-13,2889,0.8785046728971962
Fish Fresh(Mungari),629,2019-05-31,2021-05-13,714,0.8809523809523809
Fish Fresh(Rahu),629,2019-05-31,2021-05-13,714,0.8809523809523809
Fish Fresh(Bachuwa),631,2019-05-31,2021-05-13,714,0.8837535014005602
Fish Fresh(Chhadi),631,2019-05-31,2021-05-13,714,0.8837535014005602
Sweet Orange,2556,2013-06-16,2021-05-13,2889,0.8847352024922118
Garlic Dry Nepali,2560,2013-06-16,2021-05-13,2889,0.8861197646244375
Lettuce,2575,2013-06-16,2021-05-13,2889,0.8913118726202839
Cress Leaf,2609,2013-06-16,2021-05-13,2889,0.9030806507442022
Sugarbeet,2618,2013-06-16,2021-05-13,2889,0.90619591554171
Pineapple,2634,2013-06-16,2021-05-13,2889,0.9117341640706127
Mint,2634,2013-06-16,2021-05-13,2889,0.9117341640706127
Pomegranate,2642,2013-06-16,2021-05-13,2889,0.914503288335064
Cucumber(Hybrid),656,2019-05-31,2021-05-13,714,0.9187675070028011
Mango(Calcutte),23,2021-04-19,2021-05-13,25,0.92
Okara,2663,2013-06-16,2021-05-13,2889,0.9217722395292489
Bitter Gourd,2670,2013-06-16,2021-05-13,2889,0.9241952232606438
Garlic Green,2675,2013-06-16,2021-05-13,2889,0.9259259259259259
Water Melon(Green),2679,2013-06-16,2021-05-13,2889,0.9273104880581516
Apple(Jholey),2683,2013-06-16,2021-05-12,2888,0.929016620498615
French Bean(Hybrid),660,2019-06-04,2021-05-13,710,0.9295774647887324
Cucumber(Local),2686,2013-06-16,2021-05-13,2889,0.9297334717895466
Tofu,2694,2013-06-16,2021-05-13,2889,0.9325025960539979
Bottle Gourd,2700,2013-06-16,2021-05-13,2889,0.9345794392523364
Pumpkin,2715,2013-06-16,2021-05-13,2889,0.9397715472481828
Tamarind,2715,2013-06-16,2021-05-13,2889,0.9397715472481828
Papaya(Indian),668,2019-06-04,2021-05-13,710,0.9408450704225352
Squash(Round),669,2019-06-04,2021-05-13,710,0.9422535211267605
Lime,2725,2013-06-16,2021-05-13,2889,0.943232952578747
Capsicum,2725,2013-06-16,2021-05-13,2889,0.943232952578747
Garlic Dry Chinese,2728,2013-06-16,2021-05-13,2889,0.9442713741779163
Mushroom(Kanya),2730,2013-06-16,2021-05-13,2889,0.944963655244029
Spinach Leaf,2733,2013-06-16,2021-05-13,2889,0.9460020768431984
Chilli Green,2735,2013-06-16,2021-05-13,2889,0.9466943579093112
Onion Green,2735,2013-06-16,2021-05-13,2889,0.9466943579093112
Brinjal Long,2736,2013-06-16,2021-05-13,2889,0.9470404984423676
Carrot(Local),2736,2013-06-16,2021-05-13,2889,0.9470404984423676
French Bean(Local),2739,2013-06-16,2021-05-13,2889,0.9480789200415368
Tomato Small(Local),2741,2013-06-16,2021-05-13,2889,0.9487712011076497
Coriander Green,2741,2013-06-16,2021-05-13,2889,0.9487712011076497
Onion Dry (Indian),2742,2013-06-16,2021-05-13,2889,0.9491173416407062
Brd Leaf Mustard,2742,2013-06-16,2021-05-13,2889,0.9491173416407062
Bamboo Shoot,2744,2013-06-16,2021-05-13,2889,0.949809622706819
Banana,2744,2013-06-16,2021-05-13,2889,0.949809622706819
Potato Red,2746,2013-06-16,2021-05-13,2889,0.9505019037729318
Raddish White(Local),2747,2013-06-16,2021-05-13,2889,0.9508480443059882
Chilli Dry,2748,2013-06-16,2021-05-13,2889,0.9511941848390446
Cabbage(Local),2749,2013-06-16,2021-05-13,2889,0.9515403253721011
Cauli Local,2750,2013-06-16,2021-05-13,2889,0.9518864659051575
Ginger,2751,2013-06-16,2021-05-13,2889,0.952232606438214
Mushroom(Button),683,2019-05-31,2021-05-13,714,0.9565826330532213
Tomato Small(Tunnel),686,2019-05-31,2021-05-13,714,0.9607843137254902
Kiwi,183,2020-10-21,2021-04-28,190,0.9631578947368421
Raddish White(Hybrid),691,2019-06-04,2021-05-13,710,0.9732394366197183
